array_name,array_index,model,fold,model_seed,trainer,configuration,estimated_walltime,estimated_storage,data_seed,epochs,iterations_per_epoch,val_iterations_per_epoch,optimizer,scheduler,scheduler_horizon,early_stopping,primary_checkpoint,sensitivity_checkpoint,result_namespace
fixed1000_core_multiclass_15,0,2D,0,3407,nnUNetTrainer_BHSDFixed1000NoEarlyStoppingFinalCheckpointPrimarySeed3407,2d,48:00:00,9GB,1003410,1000,250,50,"SGD(lr=0.01,momentum=0.99,nesterov=true,weight_decay=3e-5)",PolyLR(exponent=0.9),1000,disabled,checkpoint_final.pth,checkpoint_best.pth,nnUNetTrainer_BHSDFixed1000NoEarlyStoppingFinalCheckpointPrimarySeed3407__nnUNetPlans__2d
fixed1000_core_multiclass_15,1,2D,1,3407,nnUNetTrainer_BHSDFixed1000NoEarlyStoppingFinalCheckpointPrimarySeed3407,2d,48:00:00,9GB,1003410,1000,250,50,"SGD(lr=0.01,momentum=0.99,nesterov=true,weight_decay=3e-5)",PolyLR(exponent=0.9),1000,disabled,checkpoint_final.pth,checkpoint_best.pth,nnUNetTrainer_BHSDFixed1000NoEarlyStoppingFinalCheckpointPrimarySeed3407__nnUNetPlans__2d
fixed1000_core_multiclass_15,2,2D,2,3407,nnUNetTrainer_BHSDFixed1000NoEarlyStoppingFinalCheckpointPrimarySeed3407,2d,48:00:00,9GB,1003410,1000,250,50,"SGD(lr=0.01,momentum=0.99,nesterov=true,weight_decay=3e-5)",PolyLR(exponent=0.9),1000,disabled,checkpoint_final.pth,checkpoint_best.pth,nnUNetTrainer_BHSDFixed1000NoEarlyStoppingFinalCheckpointPrimarySeed3407__nnUNetPlans__2d
fixed1000_core_multiclass_15,3,2D,3,3407,nnUNetTrainer_BHSDFixed1000NoEarlyStoppingFinalCheckpointPrimarySeed3407,2d,48:00:00,9GB,1003410,1000,250,50,"SGD(lr=0.01,momentum=0.99,nesterov=true,weight_decay=3e-5)",PolyLR(exponent=0.9),1000,disabled,checkpoint_final.pth,checkpoint_best.pth,nnUNetTrainer_BHSDFixed1000NoEarlyStoppingFinalCheckpointPrimarySeed3407__nnUNetPlans__2d
fixed1000_core_multiclass_15,4,2D,4,3407,nnUNetTrainer_BHSDFixed1000NoEarlyStoppingFinalCheckpointPrimarySeed3407,2d,48:00:00,9GB,1003410,1000,250,50,"SGD(lr=0.01,momentum=0.99,nesterov=true,weight_decay=3e-5)",PolyLR(exponent=0.9),1000,disabled,checkpoint_final.pth,checkpoint_best.pth,nnUNetTrainer_BHSDFixed1000NoEarlyStoppingFinalCheckpointPrimarySeed3407__nnUNetPlans__2d
fixed1000_core_multiclass_15,5,A0,0,3407,nnUNetTrainer_25D_A0Fixed1000NoEarlyStoppingFinalCheckpointPrimarySeed3407,2d,48:00:00,9GB,1003410,1000,250,50,"SGD(lr=0.01,momentum=0.99,nesterov=true,weight_decay=3e-5)",PolyLR(exponent=0.9),1000,disabled,checkpoint_final.pth,checkpoint_best.pth,nnUNetTrainer_25D_A0Fixed1000NoEarlyStoppingFinalCheckpointPrimarySeed3407__nnUNetPlans__2d
fixed1000_core_multiclass_15,6,A0,1,3407,nnUNetTrainer_25D_A0Fixed1000NoEarlyStoppingFinalCheckpointPrimarySeed3407,2d,48:00:00,9GB,1003410,1000,250,50,"SGD(lr=0.01,momentum=0.99,nesterov=true,weight_decay=3e-5)",PolyLR(exponent=0.9),1000,disabled,checkpoint_final.pth,checkpoint_best.pth,nnUNetTrainer_25D_A0Fixed1000NoEarlyStoppingFinalCheckpointPrimarySeed3407__nnUNetPlans__2d
fixed1000_core_multiclass_15,7,A0,2,3407,nnUNetTrainer_25D_A0Fixed1000NoEarlyStoppingFinalCheckpointPrimarySeed3407,2d,48:00:00,9GB,1003410,1000,250,50,"SGD(lr=0.01,momentum=0.99,nesterov=true,weight_decay=3e-5)",PolyLR(exponent=0.9),1000,disabled,checkpoint_final.pth,checkpoint_best.pth,nnUNetTrainer_25D_A0Fixed1000NoEarlyStoppingFinalCheckpointPrimarySeed3407__nnUNetPlans__2d
fixed1000_core_multiclass_15,8,A0,3,3407,nnUNetTrainer_25D_A0Fixed1000NoEarlyStoppingFinalCheckpointPrimarySeed3407,2d,48:00:00,9GB,1003410,1000,250,50,"SGD(lr=0.01,momentum=0.99,nesterov=true,weight_decay=3e-5)",PolyLR(exponent=0.9),1000,disabled,checkpoint_final.pth,checkpoint_best.pth,nnUNetTrainer_25D_A0Fixed1000NoEarlyStoppingFinalCheckpointPrimarySeed3407__nnUNetPlans__2d
fixed1000_core_multiclass_15,9,A0,4,3407,nnUNetTrainer_25D_A0Fixed1000NoEarlyStoppingFinalCheckpointPrimarySeed3407,2d,48:00:00,9GB,1003410,1000,250,50,"SGD(lr=0.01,momentum=0.99,nesterov=true,weight_decay=3e-5)",PolyLR(exponent=0.9),1000,disabled,checkpoint_final.pth,checkpoint_best.pth,nnUNetTrainer_25D_A0Fixed1000NoEarlyStoppingFinalCheckpointPrimarySeed3407__nnUNetPlans__2d
fixed1000_core_multiclass_15,10,3D,0,3407,nnUNetTrainer_BHSDFixed1000NoEarlyStoppingFinalCheckpointPrimarySeed3407,3d_fullres,48:00:00,9GB,1003410,1000,250,50,"SGD(lr=0.01,momentum=0.99,nesterov=true,weight_decay=3e-5)",PolyLR(exponent=0.9),1000,disabled,checkpoint_final.pth,checkpoint_best.pth,nnUNetTrainer_BHSDFixed1000NoEarlyStoppingFinalCheckpointPrimarySeed3407__nnUNetPlans__3d_fullres
fixed1000_core_multiclass_15,11,3D,1,3407,nnUNetTrainer_BHSDFixed1000NoEarlyStoppingFinalCheckpointPrimarySeed3407,3d_fullres,48:00:00,9GB,1003410,1000,250,50,"SGD(lr=0.01,momentum=0.99,nesterov=true,weight_decay=3e-5)",PolyLR(exponent=0.9),1000,disabled,checkpoint_final.pth,checkpoint_best.pth,nnUNetTrainer_BHSDFixed1000NoEarlyStoppingFinalCheckpointPrimarySeed3407__nnUNetPlans__3d_fullres
fixed1000_core_multiclass_15,12,3D,2,3407,nnUNetTrainer_BHSDFixed1000NoEarlyStoppingFinalCheckpointPrimarySeed3407,3d_fullres,48:00:00,9GB,1003410,1000,250,50,"SGD(lr=0.01,momentum=0.99,nesterov=true,weight_decay=3e-5)",PolyLR(exponent=0.9),1000,disabled,checkpoint_final.pth,checkpoint_best.pth,nnUNetTrainer_BHSDFixed1000NoEarlyStoppingFinalCheckpointPrimarySeed3407__nnUNetPlans__3d_fullres
fixed1000_core_multiclass_15,13,3D,3,3407,nnUNetTrainer_BHSDFixed1000NoEarlyStoppingFinalCheckpointPrimarySeed3407,3d_fullres,48:00:00,9GB,1003410,1000,250,50,"SGD(lr=0.01,momentum=0.99,nesterov=true,weight_decay=3e-5)",PolyLR(exponent=0.9),1000,disabled,checkpoint_final.pth,checkpoint_best.pth,nnUNetTrainer_BHSDFixed1000NoEarlyStoppingFinalCheckpointPrimarySeed3407__nnUNetPlans__3d_fullres
fixed1000_core_multiclass_15,14,3D,4,3407,nnUNetTrainer_BHSDFixed1000NoEarlyStoppingFinalCheckpointPrimarySeed3407,3d_fullres,48:00:00,9GB,1003410,1000,250,50,"SGD(lr=0.01,momentum=0.99,nesterov=true,weight_decay=3e-5)",PolyLR(exponent=0.9),1000,disabled,checkpoint_final.pth,checkpoint_best.pth,nnUNetTrainer_BHSDFixed1000NoEarlyStoppingFinalCheckpointPrimarySeed3407__nnUNetPlans__3d_fullres
fixed1000_fold0_diagnostic_12,0,C1,0,3407,nnUNetTrainer_25D_C1Fixed1000NoEarlyStoppingFinalCheckpointPrimarySeed3407,2d,48:00:00,9GB,1003410,1000,250,50,"SGD(lr=0.01,momentum=0.99,nesterov=true,weight_decay=3e-5)",PolyLR(exponent=0.9),1000,disabled,checkpoint_final.pth,checkpoint_best.pth,nnUNetTrainer_25D_C1Fixed1000NoEarlyStoppingFinalCheckpointPrimarySeed3407__nnUNetPlans__2d
fixed1000_fold0_diagnostic_12,1,C1,0,1234,nnUNetTrainer_25D_C1Fixed1000NoEarlyStoppingFinalCheckpointPrimarySeed1234,2d,48:00:00,9GB,1003410,1000,250,50,"SGD(lr=0.01,momentum=0.99,nesterov=true,weight_decay=3e-5)",PolyLR(exponent=0.9),1000,disabled,checkpoint_final.pth,checkpoint_best.pth,nnUNetTrainer_25D_C1Fixed1000NoEarlyStoppingFinalCheckpointPrimarySeed1234__nnUNetPlans__2d
fixed1000_fold0_diagnostic_12,2,C1,0,5678,nnUNetTrainer_25D_C1Fixed1000NoEarlyStoppingFinalCheckpointPrimarySeed5678,2d,48:00:00,9GB,1003410,1000,250,50,"SGD(lr=0.01,momentum=0.99,nesterov=true,weight_decay=3e-5)",PolyLR(exponent=0.9),1000,disabled,checkpoint_final.pth,checkpoint_best.pth,nnUNetTrainer_25D_C1Fixed1000NoEarlyStoppingFinalCheckpointPrimarySeed5678__nnUNetPlans__2d
fixed1000_fold0_diagnostic_12,3,C2,0,3407,nnUNetTrainer_25D_C2Fixed1000NoEarlyStoppingFinalCheckpointPrimarySeed3407,2d,48:00:00,9GB,1003410,1000,250,50,"SGD(lr=0.01,momentum=0.99,nesterov=true,weight_decay=3e-5)",PolyLR(exponent=0.9),1000,disabled,checkpoint_final.pth,checkpoint_best.pth,nnUNetTrainer_25D_C2Fixed1000NoEarlyStoppingFinalCheckpointPrimarySeed3407__nnUNetPlans__2d
fixed1000_fold0_diagnostic_12,4,C2,0,1234,nnUNetTrainer_25D_C2Fixed1000NoEarlyStoppingFinalCheckpointPrimarySeed1234,2d,48:00:00,9GB,1003410,1000,250,50,"SGD(lr=0.01,momentum=0.99,nesterov=true,weight_decay=3e-5)",PolyLR(exponent=0.9),1000,disabled,checkpoint_final.pth,checkpoint_best.pth,nnUNetTrainer_25D_C2Fixed1000NoEarlyStoppingFinalCheckpointPrimarySeed1234__nnUNetPlans__2d
fixed1000_fold0_diagnostic_12,5,C2,0,5678,nnUNetTrainer_25D_C2Fixed1000NoEarlyStoppingFinalCheckpointPrimarySeed5678,2d,48:00:00,9GB,1003410,1000,250,50,"SGD(lr=0.01,momentum=0.99,nesterov=true,weight_decay=3e-5)",PolyLR(exponent=0.9),1000,disabled,checkpoint_final.pth,checkpoint_best.pth,nnUNetTrainer_25D_C2Fixed1000NoEarlyStoppingFinalCheckpointPrimarySeed5678__nnUNetPlans__2d
fixed1000_fold0_diagnostic_12,6,D0,0,3407,nnUNetTrainer_25D_D0Fixed1000NoEarlyStoppingFinalCheckpointPrimarySeed3407,2d,48:00:00,9GB,1003410,1000,250,50,"SGD(lr=0.01,momentum=0.99,nesterov=true,weight_decay=3e-5)",PolyLR(exponent=0.9),1000,disabled,checkpoint_final.pth,checkpoint_best.pth,nnUNetTrainer_25D_D0Fixed1000NoEarlyStoppingFinalCheckpointPrimarySeed3407__nnUNetPlans__2d
fixed1000_fold0_diagnostic_12,7,D0,0,1234,nnUNetTrainer_25D_D0Fixed1000NoEarlyStoppingFinalCheckpointPrimarySeed1234,2d,48:00:00,9GB,1003410,1000,250,50,"SGD(lr=0.01,momentum=0.99,nesterov=true,weight_decay=3e-5)",PolyLR(exponent=0.9),1000,disabled,checkpoint_final.pth,checkpoint_best.pth,nnUNetTrainer_25D_D0Fixed1000NoEarlyStoppingFinalCheckpointPrimarySeed1234__nnUNetPlans__2d
fixed1000_fold0_diagnostic_12,8,D0,0,5678,nnUNetTrainer_25D_D0Fixed1000NoEarlyStoppingFinalCheckpointPrimarySeed5678,2d,48:00:00,9GB,1003410,1000,250,50,"SGD(lr=0.01,momentum=0.99,nesterov=true,weight_decay=3e-5)",PolyLR(exponent=0.9),1000,disabled,checkpoint_final.pth,checkpoint_best.pth,nnUNetTrainer_25D_D0Fixed1000NoEarlyStoppingFinalCheckpointPrimarySeed5678__nnUNetPlans__2d
fixed1000_fold0_diagnostic_12,9,D1,0,3407,nnUNetTrainer_25D_D1Fixed1000NoEarlyStoppingFinalCheckpointPrimarySeed3407,2d,48:00:00,9GB,1003410,1000,250,50,"SGD(lr=0.01,momentum=0.99,nesterov=true,weight_decay=3e-5)",PolyLR(exponent=0.9),1000,disabled,checkpoint_final.pth,checkpoint_best.pth,nnUNetTrainer_25D_D1Fixed1000NoEarlyStoppingFinalCheckpointPrimarySeed3407__nnUNetPlans__2d
fixed1000_fold0_diagnostic_12,10,D1,0,1234,nnUNetTrainer_25D_D1Fixed1000NoEarlyStoppingFinalCheckpointPrimarySeed1234,2d,48:00:00,9GB,1003410,1000,250,50,"SGD(lr=0.01,momentum=0.99,nesterov=true,weight_decay=3e-5)",PolyLR(exponent=0.9),1000,disabled,checkpoint_final.pth,checkpoint_best.pth,nnUNetTrainer_25D_D1Fixed1000NoEarlyStoppingFinalCheckpointPrimarySeed1234__nnUNetPlans__2d
fixed1000_fold0_diagnostic_12,11,D1,0,5678,nnUNetTrainer_25D_D1Fixed1000NoEarlyStoppingFinalCheckpointPrimarySeed5678,2d,48:00:00,9GB,1003410,1000,250,50,"SGD(lr=0.01,momentum=0.99,nesterov=true,weight_decay=3e-5)",PolyLR(exponent=0.9),1000,disabled,checkpoint_final.pth,checkpoint_best.pth,nnUNetTrainer_25D_D1Fixed1000NoEarlyStoppingFinalCheckpointPrimarySeed5678__nnUNetPlans__2d
