seed,selector_type,class,class_name,n_present_cases,baseline_e0_present_dice,baseline_e2_present_dice,best_single_present_dice,greedy_selector_present_dice,apparent_gain_vs_best_single,strict_volume_oracle,negative_slice_base_model,notes
1234,exploratory_highly_optimistic_slice_gt_greedy_selector,1,EDH,6,0.34010159266442325,0.5865011422217873,0.5865011422217873,0.6867892307608033,0.10028808853901605,False,not_applicable,"GT-guided, undeployable exploratory selector; per-class binary masks only; no multiclass reconstruction"
1234,exploratory_positive_slice_delineation_gt_greedy_selector,1,EDH,6,0.34010159266442325,0.5865011422217873,0.5865011422217873,0.5989731779052624,0.012472035683475102,False,E2,"GT-guided, undeployable exploratory selector; per-class binary masks only; no multiclass reconstruction"
1234,exploratory_soft_bce_gt_guided_selector,1,EDH,6,0.34010159266442325,0.5865011422217873,0.5865011422217873,0.5970577088877483,0.010556566665961054,False,not_applicable,"GT-guided, undeployable exploratory selector; per-class binary masks only; no multiclass reconstruction"
1234,exploratory_soft_dice_loss_gt_guided_selector,1,EDH,6,0.34010159266442325,0.5865011422217873,0.5865011422217873,0.5969634293769489,0.01046228715516162,False,not_applicable,"GT-guided, undeployable exploratory selector; per-class binary masks only; no multiclass reconstruction"
1234,exploratory_highly_optimistic_slice_gt_greedy_selector,2,IPH,27,0.6971263416384917,0.6755423976800794,0.6971263416384917,0.7365989751631099,0.03947263352461816,False,not_applicable,"GT-guided, undeployable exploratory selector; per-class binary masks only; no multiclass reconstruction"
1234,exploratory_positive_slice_delineation_gt_greedy_selector,2,IPH,27,0.6971263416384917,0.6755423976800794,0.6971263416384917,0.7134545246347114,0.01632818299621963,False,E0,"GT-guided, undeployable exploratory selector; per-class binary masks only; no multiclass reconstruction"
1234,exploratory_soft_bce_gt_guided_selector,2,IPH,27,0.6971263416384917,0.6755423976800794,0.6971263416384917,0.555701689914995,-0.14142465172349672,False,not_applicable,"GT-guided, undeployable exploratory selector; per-class binary masks only; no multiclass reconstruction"
1234,exploratory_soft_dice_loss_gt_guided_selector,2,IPH,27,0.6971263416384917,0.6755423976800794,0.6971263416384917,0.5749823362476169,-0.12214400539087489,False,not_applicable,"GT-guided, undeployable exploratory selector; per-class binary masks only; no multiclass reconstruction"
1234,exploratory_highly_optimistic_slice_gt_greedy_selector,3,IVH,19,0.6326537558442135,0.6409075170642545,0.6409075170642545,0.7285475237177731,0.08764000665351857,False,not_applicable,"GT-guided, undeployable exploratory selector; per-class binary masks only; no multiclass reconstruction"
1234,exploratory_positive_slice_delineation_gt_greedy_selector,3,IVH,19,0.6326537558442135,0.6409075170642545,0.6409075170642545,0.7187714462356433,0.07786392917138873,False,E2,"GT-guided, undeployable exploratory selector; per-class binary masks only; no multiclass reconstruction"
1234,exploratory_soft_bce_gt_guided_selector,3,IVH,19,0.6326537558442135,0.6409075170642545,0.6409075170642545,0.2550825114531737,-0.38582500561108085,False,not_applicable,"GT-guided, undeployable exploratory selector; per-class binary masks only; no multiclass reconstruction"
1234,exploratory_soft_dice_loss_gt_guided_selector,3,IVH,19,0.6326537558442135,0.6409075170642545,0.6409075170642545,0.2538350122445268,-0.3870725048197277,False,not_applicable,"GT-guided, undeployable exploratory selector; per-class binary masks only; no multiclass reconstruction"
1234,exploratory_highly_optimistic_slice_gt_greedy_selector,4,SAH,18,0.22442737520576397,0.2948606168652359,0.2948606168652359,0.3452403785616837,0.05037976169644781,False,not_applicable,"GT-guided, undeployable exploratory selector; per-class binary masks only; no multiclass reconstruction"
1234,exploratory_positive_slice_delineation_gt_greedy_selector,4,SAH,18,0.22442737520576397,0.2948606168652359,0.2948606168652359,0.31238827280132686,0.017527655936090958,False,E2,"GT-guided, undeployable exploratory selector; per-class binary masks only; no multiclass reconstruction"
1234,exploratory_soft_bce_gt_guided_selector,4,SAH,18,0.22442737520576397,0.2948606168652359,0.2948606168652359,0.16619243624139796,-0.12866818062383795,False,not_applicable,"GT-guided, undeployable exploratory selector; per-class binary masks only; no multiclass reconstruction"
1234,exploratory_soft_dice_loss_gt_guided_selector,4,SAH,18,0.22442737520576397,0.2948606168652359,0.2948606168652359,0.17149194089741251,-0.12336867596782339,False,not_applicable,"GT-guided, undeployable exploratory selector; per-class binary masks only; no multiclass reconstruction"
1234,exploratory_highly_optimistic_slice_gt_greedy_selector,5,SDH,12,0.3635882136642257,0.31638579616549495,0.3635882136642257,0.42430511516526653,0.06071690150104081,False,not_applicable,"GT-guided, undeployable exploratory selector; per-class binary masks only; no multiclass reconstruction"
1234,exploratory_positive_slice_delineation_gt_greedy_selector,5,SDH,12,0.3635882136642257,0.31638579616549495,0.3635882136642257,0.4206077836517954,0.057019569987569685,False,E0,"GT-guided, undeployable exploratory selector; per-class binary masks only; no multiclass reconstruction"
1234,exploratory_soft_bce_gt_guided_selector,5,SDH,12,0.3635882136642257,0.31638579616549495,0.3635882136642257,0.26311493721284396,-0.10047327645138177,False,not_applicable,"GT-guided, undeployable exploratory selector; per-class binary masks only; no multiclass reconstruction"
1234,exploratory_soft_dice_loss_gt_guided_selector,5,SDH,12,0.3635882136642257,0.31638579616549495,0.3635882136642257,0.26196169779803247,-0.10162651586619326,False,not_applicable,"GT-guided, undeployable exploratory selector; per-class binary masks only; no multiclass reconstruction"
3407,exploratory_highly_optimistic_slice_gt_greedy_selector,1,EDH,6,0.46941982437608365,0.36016720601322727,0.46941982437608365,0.5194391762417688,0.05001935186568518,False,not_applicable,"GT-guided, undeployable exploratory selector; per-class binary masks only; no multiclass reconstruction"
3407,exploratory_positive_slice_delineation_gt_greedy_selector,1,EDH,6,0.46941982437608365,0.36016720601322727,0.46941982437608365,0.4913863198072593,0.021966495431175626,False,E0,"GT-guided, undeployable exploratory selector; per-class binary masks only; no multiclass reconstruction"
3407,exploratory_soft_bce_gt_guided_selector,1,EDH,6,0.46941982437608365,0.36016720601322727,0.46941982437608365,0.596936502522001,0.12751667814591738,False,not_applicable,"GT-guided, undeployable exploratory selector; per-class binary masks only; no multiclass reconstruction"
3407,exploratory_soft_dice_loss_gt_guided_selector,1,EDH,6,0.46941982437608365,0.36016720601322727,0.46941982437608365,0.5934784826198294,0.12405865824374573,False,not_applicable,"GT-guided, undeployable exploratory selector; per-class binary masks only; no multiclass reconstruction"
3407,exploratory_highly_optimistic_slice_gt_greedy_selector,2,IPH,27,0.6588026659932509,0.6505965330552587,0.6588026659932509,0.7154193563847447,0.05661669039149386,False,not_applicable,"GT-guided, undeployable exploratory selector; per-class binary masks only; no multiclass reconstruction"
3407,exploratory_positive_slice_delineation_gt_greedy_selector,2,IPH,27,0.6588026659932509,0.6505965330552587,0.6588026659932509,0.6810463890753238,0.022243723082072897,False,E0,"GT-guided, undeployable exploratory selector; per-class binary masks only; no multiclass reconstruction"
3407,exploratory_soft_bce_gt_guided_selector,2,IPH,27,0.6588026659932509,0.6505965330552587,0.6588026659932509,0.5624159224768355,-0.09638674351641541,False,not_applicable,"GT-guided, undeployable exploratory selector; per-class binary masks only; no multiclass reconstruction"
3407,exploratory_soft_dice_loss_gt_guided_selector,2,IPH,27,0.6588026659932509,0.6505965330552587,0.6588026659932509,0.552123119540019,-0.10667954645323185,False,not_applicable,"GT-guided, undeployable exploratory selector; per-class binary masks only; no multiclass reconstruction"
3407,exploratory_highly_optimistic_slice_gt_greedy_selector,3,IVH,19,0.6441617563117379,0.5822252433313511,0.6441617563117379,0.6963898874570418,0.05222813114530389,False,not_applicable,"GT-guided, undeployable exploratory selector; per-class binary masks only; no multiclass reconstruction"
3407,exploratory_positive_slice_delineation_gt_greedy_selector,3,IVH,19,0.6441617563117379,0.5822252433313511,0.6441617563117379,0.69178588252973,0.04762412621799206,False,E0,"GT-guided, undeployable exploratory selector; per-class binary masks only; no multiclass reconstruction"
3407,exploratory_soft_bce_gt_guided_selector,3,IVH,19,0.6441617563117379,0.5822252433313511,0.6441617563117379,0.24862581065669875,-0.39553594565503913,False,not_applicable,"GT-guided, undeployable exploratory selector; per-class binary masks only; no multiclass reconstruction"
3407,exploratory_soft_dice_loss_gt_guided_selector,3,IVH,19,0.6441617563117379,0.5822252433313511,0.6441617563117379,0.2537290387046425,-0.3904327176070954,False,not_applicable,"GT-guided, undeployable exploratory selector; per-class binary masks only; no multiclass reconstruction"
3407,exploratory_highly_optimistic_slice_gt_greedy_selector,4,SAH,18,0.29927859593240197,0.2888808190575858,0.29927859593240197,0.3458919266815417,0.0466133307491397,False,not_applicable,"GT-guided, undeployable exploratory selector; per-class binary masks only; no multiclass reconstruction"
3407,exploratory_positive_slice_delineation_gt_greedy_selector,4,SAH,18,0.29927859593240197,0.2888808190575858,0.29927859593240197,0.32911075268352524,0.029832156751123273,False,E0,"GT-guided, undeployable exploratory selector; per-class binary masks only; no multiclass reconstruction"
3407,exploratory_soft_bce_gt_guided_selector,4,SAH,18,0.29927859593240197,0.2888808190575858,0.29927859593240197,0.16543821759585156,-0.1338403783365504,False,not_applicable,"GT-guided, undeployable exploratory selector; per-class binary masks only; no multiclass reconstruction"
3407,exploratory_soft_dice_loss_gt_guided_selector,4,SAH,18,0.29927859593240197,0.2888808190575858,0.29927859593240197,0.16642951363425826,-0.1328490822981437,False,not_applicable,"GT-guided, undeployable exploratory selector; per-class binary masks only; no multiclass reconstruction"
3407,exploratory_highly_optimistic_slice_gt_greedy_selector,5,SDH,12,0.3395827521058143,0.3787678004819925,0.3787678004819925,0.44368034857379013,0.06491254809179764,False,not_applicable,"GT-guided, undeployable exploratory selector; per-class binary masks only; no multiclass reconstruction"
3407,exploratory_positive_slice_delineation_gt_greedy_selector,5,SDH,12,0.3395827521058143,0.3787678004819925,0.3787678004819925,0.4156746865593563,0.03690688607736381,False,E2,"GT-guided, undeployable exploratory selector; per-class binary masks only; no multiclass reconstruction"
3407,exploratory_soft_bce_gt_guided_selector,5,SDH,12,0.3395827521058143,0.3787678004819925,0.3787678004819925,0.28668240129816697,-0.09208539918382552,False,not_applicable,"GT-guided, undeployable exploratory selector; per-class binary masks only; no multiclass reconstruction"
3407,exploratory_soft_dice_loss_gt_guided_selector,5,SDH,12,0.3395827521058143,0.3787678004819925,0.3787678004819925,0.28432764117106196,-0.09444015931093053,False,not_applicable,"GT-guided, undeployable exploratory selector; per-class binary masks only; no multiclass reconstruction"
5678,exploratory_highly_optimistic_slice_gt_greedy_selector,1,EDH,6,0.47072701128087857,0.5727058345584828,0.5727058345584828,0.611274806858821,0.03856897230033818,False,not_applicable,"GT-guided, undeployable exploratory selector; per-class binary masks only; no multiclass reconstruction"
5678,exploratory_positive_slice_delineation_gt_greedy_selector,1,EDH,6,0.47072701128087857,0.5727058345584828,0.5727058345584828,0.5950059284749895,0.02230009391650667,False,E2,"GT-guided, undeployable exploratory selector; per-class binary masks only; no multiclass reconstruction"
5678,exploratory_soft_bce_gt_guided_selector,1,EDH,6,0.47072701128087857,0.5727058345584828,0.5727058345584828,0.5820955735727682,0.009389739014285414,False,not_applicable,"GT-guided, undeployable exploratory selector; per-class binary masks only; no multiclass reconstruction"
5678,exploratory_soft_dice_loss_gt_guided_selector,1,EDH,6,0.47072701128087857,0.5727058345584828,0.5727058345584828,0.566515745015657,-0.0061900895428257385,False,not_applicable,"GT-guided, undeployable exploratory selector; per-class binary masks only; no multiclass reconstruction"
5678,exploratory_highly_optimistic_slice_gt_greedy_selector,2,IPH,27,0.6714424683437478,0.7031516259627728,0.7031516259627728,0.7476044325393373,0.044452806576564474,False,not_applicable,"GT-guided, undeployable exploratory selector; per-class binary masks only; no multiclass reconstruction"
5678,exploratory_positive_slice_delineation_gt_greedy_selector,2,IPH,27,0.6714424683437478,0.7031516259627728,0.7031516259627728,0.7217460757828457,0.018594449820072856,False,E2,"GT-guided, undeployable exploratory selector; per-class binary masks only; no multiclass reconstruction"
5678,exploratory_soft_bce_gt_guided_selector,2,IPH,27,0.6714424683437478,0.7031516259627728,0.7031516259627728,0.5747193926010671,-0.12843223336170573,False,not_applicable,"GT-guided, undeployable exploratory selector; per-class binary masks only; no multiclass reconstruction"
5678,exploratory_soft_dice_loss_gt_guided_selector,2,IPH,27,0.6714424683437478,0.7031516259627728,0.7031516259627728,0.5706050280879803,-0.1325465978747925,False,not_applicable,"GT-guided, undeployable exploratory selector; per-class binary masks only; no multiclass reconstruction"
5678,exploratory_highly_optimistic_slice_gt_greedy_selector,3,IVH,19,0.6541002318433286,0.6398363577551073,0.6541002318433286,0.7149588011251006,0.060858569281772024,False,not_applicable,"GT-guided, undeployable exploratory selector; per-class binary masks only; no multiclass reconstruction"
5678,exploratory_positive_slice_delineation_gt_greedy_selector,3,IVH,19,0.6541002318433286,0.6398363577551073,0.6541002318433286,0.6860418974983741,0.031941665655045526,False,E0,"GT-guided, undeployable exploratory selector; per-class binary masks only; no multiclass reconstruction"
5678,exploratory_soft_bce_gt_guided_selector,3,IVH,19,0.6541002318433286,0.6398363577551073,0.6541002318433286,0.26344721448091996,-0.3906530173624086,False,not_applicable,"GT-guided, undeployable exploratory selector; per-class binary masks only; no multiclass reconstruction"
5678,exploratory_soft_dice_loss_gt_guided_selector,3,IVH,19,0.6541002318433286,0.6398363577551073,0.6541002318433286,0.2612158741703614,-0.39288435767296714,False,not_applicable,"GT-guided, undeployable exploratory selector; per-class binary masks only; no multiclass reconstruction"
5678,exploratory_highly_optimistic_slice_gt_greedy_selector,4,SAH,18,0.3044772864947809,0.27567761872852764,0.3044772864947809,0.3584462270156996,0.05396894052091872,False,not_applicable,"GT-guided, undeployable exploratory selector; per-class binary masks only; no multiclass reconstruction"
5678,exploratory_positive_slice_delineation_gt_greedy_selector,4,SAH,18,0.3044772864947809,0.27567761872852764,0.3044772864947809,0.32208098296501153,0.017603696470230634,False,E0,"GT-guided, undeployable exploratory selector; per-class binary masks only; no multiclass reconstruction"
5678,exploratory_soft_bce_gt_guided_selector,4,SAH,18,0.3044772864947809,0.27567761872852764,0.3044772864947809,0.1567686754627379,-0.147708611032043,False,not_applicable,"GT-guided, undeployable exploratory selector; per-class binary masks only; no multiclass reconstruction"
5678,exploratory_soft_dice_loss_gt_guided_selector,4,SAH,18,0.3044772864947809,0.27567761872852764,0.3044772864947809,0.15543624382566187,-0.14904104266911902,False,not_applicable,"GT-guided, undeployable exploratory selector; per-class binary masks only; no multiclass reconstruction"
5678,exploratory_highly_optimistic_slice_gt_greedy_selector,5,SDH,12,0.3519917624168114,0.3452533873044749,0.3519917624168114,0.39709529346211325,0.04510353104530185,False,not_applicable,"GT-guided, undeployable exploratory selector; per-class binary masks only; no multiclass reconstruction"
5678,exploratory_positive_slice_delineation_gt_greedy_selector,5,SDH,12,0.3519917624168114,0.3452533873044749,0.3519917624168114,0.3889792100689444,0.03698744765213302,False,E0,"GT-guided, undeployable exploratory selector; per-class binary masks only; no multiclass reconstruction"
5678,exploratory_soft_bce_gt_guided_selector,5,SDH,12,0.3519917624168114,0.3452533873044749,0.3519917624168114,0.2580867062159289,-0.09390505620088252,False,not_applicable,"GT-guided, undeployable exploratory selector; per-class binary masks only; no multiclass reconstruction"
5678,exploratory_soft_dice_loss_gt_guided_selector,5,SDH,12,0.3519917624168114,0.3452533873044749,0.3519917624168114,0.25424980511575673,-0.09774195730105467,False,not_applicable,"GT-guided, undeployable exploratory selector; per-class binary masks only; no multiclass reconstruction"
